<annotation>
	<folder>100</folder>
	<filename>26061_Mask_Mouth_Chin.jpg</filename>
	<path>/Users/macbookpro/ml-env/ProyectoFinal/Proyecto/nuevo/jpg/nomask/100/26061_Mask_Mouth_Chin.jpg</path>
	<source>
		<database>Unknown</database>
	</source>
	<size>
		<width>416</width>
		<height>416</height>
		<depth>3</depth>
	</size>
	<segmented>0</segmented>
	<object>
		<name>nomask</name>
		<pose>Unspecified</pose>
		<truncated>0</truncated>
		<difficult>0</difficult>
		<bndbox>
			<xmin>115</xmin>
			<ymin>246</ymin>
			<xmax>338</xmax>
			<ymax>403</ymax>
		</bndbox>
	</object>
</annotation>
