<annotation>
	<folder>200</folder>
	<filename>26161_Mask_Nose_Mouth.jpg</filename>
	<path>/Users/macbookpro/ml-env/ProyectoFinal/Proyecto/nuevo/jpg/nomask/200/26161_Mask_Nose_Mouth.jpg</path>
	<source>
		<database>Unknown</database>
	</source>
	<size>
		<width>416</width>
		<height>416</height>
		<depth>3</depth>
	</size>
	<segmented>0</segmented>
	<object>
		<name>nomask</name>
		<pose>Unspecified</pose>
		<truncated>0</truncated>
		<difficult>0</difficult>
		<bndbox>
			<xmin>133</xmin>
			<ymin>234</ymin>
			<xmax>349</xmax>
			<ymax>349</ymax>
		</bndbox>
	</object>
</annotation>
