<annotation>
	<folder>200</folder>
	<filename>26183_Mask.jpg</filename>
	<path>/Users/macbookpro/ml-env/ProyectoFinal/Proyecto/nuevo/jpg/200/26183_Mask.jpg</path>
	<source>
		<database>Unknown</database>
	</source>
	<size>
		<width>416</width>
		<height>416</height>
		<depth>3</depth>
	</size>
	<segmented>0</segmented>
	<object>
		<name>mask</name>
		<pose>Unspecified</pose>
		<truncated>0</truncated>
		<difficult>0</difficult>
		<bndbox>
			<xmin>56</xmin>
			<ymin>216</ymin>
			<xmax>293</xmax>
			<ymax>383</ymax>
		</bndbox>
	</object>
</annotation>
