<annotation>
	<folder>300</folder>
	<filename>26242_Mask.jpg</filename>
	<path>/Users/macbookpro/ml-env/ProyectoFinal/Proyecto/nuevo/jpg/300/26242_Mask.jpg</path>
	<source>
		<database>Unknown</database>
	</source>
	<size>
		<width>416</width>
		<height>416</height>
		<depth>3</depth>
	</size>
	<segmented>0</segmented>
	<object>
		<name>mask</name>
		<pose>Unspecified</pose>
		<truncated>0</truncated>
		<difficult>0</difficult>
		<bndbox>
			<xmin>100</xmin>
			<ymin>224</ymin>
			<xmax>326</xmax>
			<ymax>376</ymax>
		</bndbox>
	</object>
</annotation>
