<annotation verified="yes">
	<folder>jpg</folder>
	<filename>66016_Mask.jpg</filename>
	<path>/Users/macbookpro/ml-env/ProyectoFinal/Proyecto/nuevo/jpg/66016_Mask.jpg</path>
	<source>
		<database>Unknown</database>
	</source>
	<size>
		<width>416</width>
		<height>416</height>
		<depth>3</depth>
	</size>
	<segmented>0</segmented>
	<object>
		<name>mask</name>
		<pose>Unspecified</pose>
		<truncated>0</truncated>
		<difficult>0</difficult>
		<bndbox>
			<xmin>135</xmin>
			<ymin>223</ymin>
			<xmax>362</xmax>
			<ymax>410</ymax>
		</bndbox>
	</object>
</annotation>
