
<annotation>
    <folder>images</folder>
    <filename>maksssksksss112.jpg</filename>
    <size>
        <width>267</width>
        <height>400</height>
        <depth>3</depth>
    </size>
    <segmented>0</segmented>
    <object>
        <name>mask</name>
        <pose>Unspecified</pose>
        <truncated>0</truncated>
        <occluded>0</occluded>
        <difficult>0</difficult>
        <bndbox>
            <xmin>90</xmin>
            <ymin>84</ymin>
            <xmax>138</xmax>
            <ymax>131</ymax>
        </bndbox>
    </object>
</annotation>