
<annotation>
    <folder>images</folder>
    <filename>maksssksksss66.jpg</filename>
    <size>
        <width>380</width>
        <height>400</height>
        <depth>3</depth>
    </size>
    <segmented>0</segmented>
    <object>
        <name>mask</name>
        <pose>Unspecified</pose>
        <truncated>0</truncated>
        <occluded>0</occluded>
        <difficult>0</difficult>
        <bndbox>
            <xmin>179</xmin>
            <ymin>81</ymin>
            <xmax>267</xmax>
            <ymax>173</ymax>
        </bndbox>
    </object>
</annotation>