
<annotation>
    <folder>images</folder>
    <filename>maksssksksss27.jpg</filename>
    <size>
        <width>400</width>
        <height>312</height>
        <depth>3</depth>
    </size>
    <segmented>0</segmented>
    <object>
        <name>mask</name>
        <pose>Unspecified</pose>
        <truncated>0</truncated>
        <occluded>0</occluded>
        <difficult>0</difficult>
        <bndbox>
            <xmin>163</xmin>
            <ymin>88</ymin>
            <xmax>251</xmax>
            <ymax>185</ymax>
        </bndbox>
    </object>
</annotation>