
<annotation>
    <folder>images</folder>
    <filename>maksssksksss198.jpg</filename>
    <size>
        <width>400</width>
        <height>225</height>
        <depth>3</depth>
    </size>
    <segmented>0</segmented>
    <object>
        <name>mask</name>
        <pose>Unspecified</pose>
        <truncated>0</truncated>
        <occluded>0</occluded>
        <difficult>0</difficult>
        <bndbox>
            <xmin>118</xmin>
            <ymin>19</ymin>
            <xmax>295</xmax>
            <ymax>184</ymax>
        </bndbox>
    </object>
</annotation>