
<annotation>
    <folder>images</folder>
    <filename>maksssksksss298.jpg</filename>
    <size>
        <width>400</width>
        <height>282</height>
        <depth>3</depth>
    </size>
    <segmented>0</segmented>
    <object>
        <name>mask</name>
        <pose>Unspecified</pose>
        <truncated>0</truncated>
        <occluded>0</occluded>
        <difficult>0</difficult>
        <bndbox>
            <xmin>124</xmin>
            <ymin>114</ymin>
            <xmax>209</xmax>
            <ymax>212</ymax>
        </bndbox>
    </object>
    <object>
        <name>mask</name>
        <pose>Unspecified</pose>
        <truncated>0</truncated>
        <occluded>0</occluded>
        <difficult>0</difficult>
        <bndbox>
            <xmin>248</xmin>
            <ymin>52</ymin>
            <xmax>324</xmax>
            <ymax>140</ymax>
        </bndbox>
    </object>
</annotation>