
<annotation>
    <folder>images</folder>
    <filename>maksssksksss212.jpg</filename>
    <size>
        <width>267</width>
        <height>400</height>
        <depth>3</depth>
    </size>
    <segmented>0</segmented>
    <object>
        <name>mask</name>
        <pose>Unspecified</pose>
        <truncated>0</truncated>
        <occluded>0</occluded>
        <difficult>0</difficult>
        <bndbox>
            <xmin>115</xmin>
            <ymin>75</ymin>
            <xmax>169</xmax>
            <ymax>135</ymax>
        </bndbox>
    </object>
</annotation>