
<annotation>
    <folder>images</folder>
    <filename>maksssksksss237.jpg</filename>
    <size>
        <width>400</width>
        <height>267</height>
        <depth>3</depth>
    </size>
    <segmented>0</segmented>
    <object>
        <name>mask</name>
        <pose>Unspecified</pose>
        <truncated>0</truncated>
        <occluded>0</occluded>
        <difficult>0</difficult>
        <bndbox>
            <xmin>50</xmin>
            <ymin>56</ymin>
            <xmax>64</xmax>
            <ymax>71</ymax>
        </bndbox>
    </object>
    <object>
        <name>mask</name>
        <pose>Unspecified</pose>
        <truncated>0</truncated>
        <occluded>0</occluded>
        <difficult>0</difficult>
        <bndbox>
            <xmin>191</xmin>
            <ymin>37</ymin>
            <xmax>232</xmax>
            <ymax>83</ymax>
        </bndbox>
    </object>
</annotation>