
<annotation>
    <folder>images</folder>
    <filename>maksssksksss180.jpg</filename>
    <size>
        <width>301</width>
        <height>400</height>
        <depth>3</depth>
    </size>
    <segmented>0</segmented>
    <object>
        <name>mask</name>
        <pose>Unspecified</pose>
        <truncated>0</truncated>
        <occluded>0</occluded>
        <difficult>0</difficult>
        <bndbox>
            <xmin>58</xmin>
            <ymin>182</ymin>
            <xmax>165</xmax>
            <ymax>316</ymax>
        </bndbox>
    </object>
</annotation>