
<annotation>
    <folder>images</folder>
    <filename>maksssksksss43.jpg</filename>
    <size>
        <width>266</width>
        <height>400</height>
        <depth>3</depth>
    </size>
    <segmented>0</segmented>
    <object>
        <name>mask</name>
        <pose>Unspecified</pose>
        <truncated>0</truncated>
        <occluded>0</occluded>
        <difficult>0</difficult>
        <bndbox>
            <xmin>116</xmin>
            <ymin>46</ymin>
            <xmax>172</xmax>
            <ymax>108</ymax>
        </bndbox>
    </object>
    <object>
        <name>mask</name>
        <pose>Unspecified</pose>
        <truncated>0</truncated>
        <occluded>0</occluded>
        <difficult>0</difficult>
        <bndbox>
            <xmin>7</xmin>
            <ymin>121</ymin>
            <xmax>31</xmax>
            <ymax>147</ymax>
        </bndbox>
    </object>
</annotation>