
<annotation>
    <folder>images</folder>
    <filename>maksssksksss88.jpg</filename>
    <size>
        <width>301</width>
        <height>400</height>
        <depth>3</depth>
    </size>
    <segmented>0</segmented>
    <object>
        <name>mask</name>
        <pose>Unspecified</pose>
        <truncated>0</truncated>
        <occluded>0</occluded>
        <difficult>0</difficult>
        <bndbox>
            <xmin>42</xmin>
            <ymin>176</ymin>
            <xmax>151</xmax>
            <ymax>304</ymax>
        </bndbox>
    </object>
</annotation>