
<annotation>
    <folder>images</folder>
    <filename>maksssksksss197.jpg</filename>
    <size>
        <width>400</width>
        <height>226</height>
        <depth>3</depth>
    </size>
    <segmented>0</segmented>
    <object>
        <name>mask</name>
        <pose>Unspecified</pose>
        <truncated>0</truncated>
        <occluded>0</occluded>
        <difficult>0</difficult>
        <bndbox>
            <xmin>169</xmin>
            <ymin>84</ymin>
            <xmax>213</xmax>
            <ymax>128</ymax>
        </bndbox>
    </object>
</annotation>