
<annotation>
    <folder>images</folder>
    <filename>maksssksksss211.jpg</filename>
    <size>
        <width>400</width>
        <height>364</height>
        <depth>3</depth>
    </size>
    <segmented>0</segmented>
    <object>
        <name>mask</name>
        <pose>Unspecified</pose>
        <truncated>0</truncated>
        <occluded>0</occluded>
        <difficult>0</difficult>
        <bndbox>
            <xmin>144</xmin>
            <ymin>99</ymin>
            <xmax>276</xmax>
            <ymax>219</ymax>
        </bndbox>
    </object>
</annotation>