
<annotation>
    <folder>images</folder>
    <filename>maksssksksss6.jpg</filename>
    <size>
        <width>600</width>
        <height>405</height>
        <depth>3</depth>
    </size>
    <segmented>0</segmented>
    <object>
        <name>mask</name>
        <pose>Unspecified</pose>
        <truncated>0</truncated>
        <occluded>0</occluded>
        <difficult>0</difficult>
        <bndbox>
            <xmin>254</xmin>
            <ymin>100</ymin>
            <xmax>387</xmax>
            <ymax>260</ymax>
        </bndbox>
    </object>
</annotation>