
<annotation>
    <folder>images</folder>
    <filename>maksssksksss273.jpg</filename>
    <size>
        <width>301</width>
        <height>400</height>
        <depth>3</depth>
    </size>
    <segmented>0</segmented>
    <object>
        <name>mask</name>
        <pose>Unspecified</pose>
        <truncated>0</truncated>
        <occluded>0</occluded>
        <difficult>0</difficult>
        <bndbox>
            <xmin>81</xmin>
            <ymin>143</ymin>
            <xmax>187</xmax>
            <ymax>277</ymax>
        </bndbox>
    </object>
</annotation>