
<annotation>
    <folder>images</folder>
    <filename>maksssksksss219.jpg</filename>
    <size>
        <width>400</width>
        <height>267</height>
        <depth>3</depth>
    </size>
    <segmented>0</segmented>
    <object>
        <name>mask</name>
        <pose>Unspecified</pose>
        <truncated>0</truncated>
        <occluded>0</occluded>
        <difficult>0</difficult>
        <bndbox>
            <xmin>120</xmin>
            <ymin>122</ymin>
            <xmax>184</xmax>
            <ymax>194</ymax>
        </bndbox>
    </object>
    <object>
        <name>mask</name>
        <pose>Unspecified</pose>
        <truncated>0</truncated>
        <occluded>0</occluded>
        <difficult>0</difficult>
        <bndbox>
            <xmin>266</xmin>
            <ymin>92</ymin>
            <xmax>323</xmax>
            <ymax>151</ymax>
        </bndbox>
    </object>
</annotation>