
<annotation>
    <folder>images</folder>
    <filename>maksssksksss106.jpg</filename>
    <size>
        <width>600</width>
        <height>399</height>
        <depth>3</depth>
    </size>
    <segmented>0</segmented>
    <object>
        <name>mask</name>
        <pose>Unspecified</pose>
        <truncated>0</truncated>
        <occluded>0</occluded>
        <difficult>0</difficult>
        <bndbox>
            <xmin>154</xmin>
            <ymin>51</ymin>
            <xmax>423</xmax>
            <ymax>391</ymax>
        </bndbox>
    </object>
</annotation>